iteration,low-T/low-ne_M0,low-T/low-ne_M3,low-T/mid-ne_M0,low-T/mid-ne_M3,mid-T/mid-ne(a)_M0,mid-T/mid-ne(a)_M3,mid-T/high-ne_M0,mid-T/high-ne_M3,T=1eV/mid-ne_M0,T=1eV/mid-ne_M3,T=1eV/high-ne_M0,T=1eV/high-ne_M3,high-T/low-ne_M0,high-T/low-ne_M3,high-T/low-ne(b)_M0,high-T/low-ne(b)_M3,high-T/mid-ne_M0,high-T/mid-ne_M3,highest-T_M0,highest-T_M3
0,3.361088e-01,3.361088e-01,3.974487e-01,3.974487e-01,9.466046e-02,9.466046e-02,1.306108e-01,1.306108e-01,5.907347e-03,5.907347e-03,9.465906e-02,9.465906e-02,3.635747e-02,3.635747e-02,1.262199e-01,1.262199e-01,1.061579e-01,1.061579e-01,4.777909e-01,4.777909e-01
1,8.419347e-02,8.419347e-02,1.128196e-01,1.128196e-01,8.175801e-03,8.175801e-03,1.508286e-02,1.508286e-02,8.187201e-05,8.187201e-05,8.247260e-03,8.247260e-03,1.358165e-03,1.358165e-03,1.222340e-02,1.222340e-02,9.311050e-03,9.311050e-03,7.072805e-02,7.072805e-02
2,1.917285e-02,1.631185e-03,2.887407e-02,2.659683e-03,6.787519e-04,2.533094e-05,1.654754e-03,7.894020e-05,1.133303e-06,2.940358e-08,6.909339e-04,2.552508e-05,5.006586e-05,6.107343e-07,1.145304e-03,3.531088e-05,7.926267e-04,2.221008e-05,1.100028e-02,4.704891e-04
3,4.473849e-03,2.941774e-05,7.616993e-03,5.699205e-05,5.654216e-05,,1.826212e-04,4.079761e-07,,,5.808210e-05,,1.846485e-06,,1.076609e-04,,6.765259e-05,,1.700910e-03,3.139647e-06
4,1.038190e-03,,1.993974e-03,1.214229e-06,4.708806e-06,,2.014127e-05,,,,4.881173e-06,,,,1.011728e-05,,5.773015e-06,,2.632501e-04,
5,2.412307e-04,,5.230441e-04,,,,,,,,,,,,,,,,4.073734e-05,
6,5.603489e-05,,1.371280e-04,,,,,,,,,,,,,,,,6.304151e-06,
7,1.301711e-05,,3.595627e-05,,,,,,,,,,,,,,,,,
